Case_ID,Grade,IDH1,ATRX,CIC,FUBP1,NOTCH1,BCOR,IDH2,FAT4,PDGFRA
TCGA-DU-8164,0,1,0,0,1,0,0,0,0,0
TCGA-QH-A6CY,0,1,0,1,0,0,0,0,0,0
TCGA-HW-A5KM,0,1,1,0,0,0,0,0,0,0
TCGA-E1-A7YE,0,1,1,0,0,0,0,0,1,0
TCGA-S9-A6WG,0,1,1,0,0,0,0,0,0,0
TCGA-DB-A4X9,0,1,1,0,0,0,0,0,0,0
TCGA-P5-A5F4,0,1,0,0,0,0,0,0,0,0
TCGA-FG-A4MY,0,1,1,0,0,0,0,0,0,0
TCGA-HT-A5R5,0,1,1,0,0,0,0,0,0,0
TCGA-DU-A76K,0,0,0,0,0,0,0,0,0,0
TCGA-QH-A6CV,0,0,0,0,0,0,0,0,0,0
TCGA-FG-5962,0,1,0,1,0,1,0,0,0,0
TCGA-DU-6402,0,0,0,0,0,0,0,0,1,0
TCGA-DB-A75M,0,1,1,0,0,0,0,0,0,0
TCGA-DB-A4XG,0,0,0,0,0,1,0,1,0,0
TCGA-DU-5851,0,1,1,0,0,0,0,0,0,0
TCGA-DB-A4XH,0,1,0,0,0,0,0,0,0,0
TCGA-HT-7874,0,1,0,0,0,0,0,0,0,0
TCGA-DH-A66D,0,1,1,0,0,0,0,0,0,0
TCGA-DU-5871,0,1,1,0,0,0,0,0,0,0
TCGA-FG-A60J,0,1,0,0,0,0,0,0,0,0
TCGA-E1-A7Z3,0,1,1,0,0,0,0,0,0,0
TCGA-DU-7011,0,1,1,0,0,0,0,0,0,0
TCGA-VW-A8FI,0,0,0,0,0,0,0,0,0,0
TCGA-DU-A7TB,0,0,0,0,0,0,0,0,0,0
TCGA-HT-7856,0,0,0,0,0,0,0,1,0,0
TCGA-TQ-A7RU,0,1,0,1,0,0,0,0,0,0
TCGA-HW-7486,0,1,0,0,0,0,0,0,0,0
TCGA-DU-6399,0,0,1,0,0,1,0,0,0,0
TCGA-DU-A7TA,0,0,1,0,0,0,0,1,0,0
TCGA-HT-A5RA,0,0,0,0,0,0,0,0,0,0
TCGA-DB-5280,0,1,0,0,0,0,0,0,0,0
TCGA-DU-6405,0,0,0,0,0,0,0,0,0,0
TCGA-S9-A7J1,0,1,0,1,1,0,0,0,0,0
TCGA-S9-A7J2,0,1,0,1,0,0,0,0,0,0
TCGA-HW-7495,0,1,0,1,0,0,0,0,0,0
TCGA-FG-A710,0,1,0,1,1,0,0,0,0,0
TCGA-P5-A5ET,0,1,0,0,0,1,0,0,0,0
TCGA-DU-7300,0,1,0,0,1,1,0,0,0,0
TCGA-DU-A5TY,0,0,0,0,0,0,0,0,0,0
TCGA-VM-A8CH,0,1,1,0,0,0,0,0,0,0
TCGA-S9-A6WE,0,1,0,1,0,0,0,0,0,0
TCGA-HT-7681,0,0,0,1,0,0,0,1,0,0
TCGA-KT-A7W1,0,0,0,0,0,0,0,0,0,0
TCGA-FG-5964,0,1,0,1,0,0,0,0,0,0
TCGA-S9-A6TX,0,1,0,1,1,0,0,0,0,0
TCGA-P5-A5F2,0,1,1,0,0,1,0,0,0,0
TCGA-DU-5874,0,1,0,0,0,0,0,0,0,0
TCGA-DU-A5TT,0,0,0,0,0,0,0,0,0,0
TCGA-CS-5396,0,1,0,0,0,0,0,0,0,0
TCGA-DU-7302,0,1,0,1,0,0,1,0,0,0
TCGA-S9-A6TW,0,1,0,1,0,0,0,0,0,0
TCGA-RY-A845,0,1,0,0,0,0,0,0,0,0
TCGA-HT-A61A,0,0,0,0,0,0,0,0,0,0
TCGA-DU-7018,0,1,0,1,0,1,0,0,0,0
TCGA-HW-7489,0,1,1,0,0,0,0,0,0,0
TCGA-R8-A6ML,0,1,0,1,0,1,0,0,0,0
TCGA-DH-5144,0,1,1,1,1,1,0,0,0,0
TCGA-DU-7013,0,0,0,0,0,0,0,0,0,0
TCGA-CS-4941,0,0,0,0,0,0,0,0,0,0
TCGA-WY-A85E,0,1,1,0,0,0,0,0,0,0
TCGA-DH-A7UR,0,0,0,1,1,0,0,1,1,0
TCGA-HT-7689,0,1,1,0,0,0,0,0,1,0
TCGA-S9-A7R7,0,1,1,0,0,0,1,0,0,0
TCGA-HT-A619,0,1,0,1,0,0,0,0,0,0
TCGA-DU-7012,0,0,0,0,0,0,0,0,0,0
TCGA-S9-A6UB,0,1,0,1,0,0,0,0,0,0
TCGA-DB-5281,0,1,1,0,0,0,0,0,0,0
TCGA-QH-A6CX,0,0,0,0,0,0,0,0,0,0
TCGA-E1-5318,0,0,0,1,0,0,1,1,0,0
TCGA-S9-A6U2,0,1,0,1,0,0,0,0,0,0
TCGA-HT-A74J,0,1,1,0,0,0,0,0,0,0
TCGA-WY-A859,0,1,0,0,0,0,0,0,0,0
TCGA-HT-A5RB,0,1,0,0,0,0,0,0,0,0
TCGA-DU-8168,0,1,0,1,1,1,0,0,0,0
TCGA-QH-A6X3,0,1,0,0,0,0,0,0,0,0
TCGA-DU-5853,0,1,1,0,0,0,0,0,0,0
TCGA-CS-6667,0,1,0,0,0,0,0,0,1,0
TCGA-S9-A89V,0,0,1,0,0,0,0,0,0,0
TCGA-HT-8012,0,1,0,1,0,1,0,0,0,0
TCGA-S9-A7IY,0,1,0,1,1,0,0,0,0,0
TCGA-TQ-A7RS,0,1,0,1,0,0,0,0,0,1
TCGA-QH-A6XC,0,0,0,0,0,0,0,0,0,0
TCGA-CS-6668,0,1,0,1,0,0,0,0,0,0
TCGA-DB-5277,0,1,0,0,0,0,0,0,0,0
TCGA-CS-6186,0,0,0,0,0,0,0,0,0,0
TCGA-HT-A4DS,0,0,0,0,0,0,0,0,0,0
TCGA-DU-8165,0,0,0,0,0,0,0,0,0,0
TCGA-HT-7605,0,1,0,0,0,0,0,0,0,0
TCGA-DU-6410,0,1,0,0,0,0,0,0,0,0
TCGA-RY-A83Z,0,1,1,0,0,0,0,0,0,0
TCGA-HW-8321,0,1,0,0,0,0,0,0,0,0
TCGA-S9-A7QW,0,1,1,0,0,0,0,0,0,0
TCGA-S9-A6WL,0,1,0,0,0,0,1,0,0,0
TCGA-DU-A5TW,0,1,1,0,0,0,0,0,0,0
TCGA-HW-A5KL,0,1,1,0,0,0,0,0,0,0
TCGA-WY-A85A,0,0,1,0,0,0,0,0,0,0
TCGA-P5-A72Z,0,1,0,1,0,0,0,0,0,0
TCGA-DU-8163,0,1,1,0,0,0,0,0,0,0
TCGA-DB-5275,0,1,1,0,0,0,0,0,0,0
TCGA-FG-8187,0,1,0,0,0,0,0,0,0,0
TCGA-P5-A5EU,0,1,1,0,0,0,0,0,0,0
TCGA-HT-7478,0,1,1,0,0,0,0,0,0,0
TCGA-QH-A65S,0,0,1,0,0,0,0,0,0,0
TCGA-HT-7881,0,1,0,0,0,0,0,0,0,0
TCGA-TQ-A7RO,0,0,0,1,0,0,0,1,0,0
TCGA-FG-8188,0,1,1,0,0,0,0,0,0,0
TCGA-FG-8182,0,1,1,0,0,0,0,0,0,0
TCGA-HT-A5R7,0,1,1,0,0,0,0,0,0,0
TCGA-DB-5276,0,1,1,0,0,0,1,0,0,0
TCGA-HT-8113,0,0,0,0,0,0,0,1,0,0
TCGA-S9-A7R2,0,0,0,0,0,0,0,0,0,0
TCGA-HT-7483,0,1,0,0,0,0,0,0,0,0
TCGA-S9-A7IS,0,1,1,0,0,0,0,0,0,1
TCGA-QH-A6X4,0,1,0,1,1,0,0,0,0,0
TCGA-DU-A5TP,0,1,1,0,0,0,0,0,0,0
TCGA-FG-6692,0,0,0,0,0,0,0,0,0,0
TCGA-HT-A74H,0,0,0,0,0,0,0,0,1,0
TCGA-DU-A6S2,0,1,0,1,1,0,0,0,0,0
TCGA-DU-6394,0,1,0,0,1,1,0,0,0,0
TCGA-R8-A6MO,0,1,0,1,0,0,0,0,0,0
TCGA-S9-A7IQ,0,1,0,0,0,0,0,0,0,0
TCGA-FG-8189,0,0,0,0,0,0,0,1,0,0
TCGA-FG-A70Z,0,0,0,0,0,0,0,0,0,0
TCGA-HT-7474,0,1,1,0,0,0,0,0,0,0
TCGA-HT-8010,0,1,0,1,0,0,0,0,0,0
TCGA-P5-A72U,0,0,0,0,0,0,0,1,0,0
TCGA-HT-8018,0,1,1,0,0,0,0,0,0,0
TCGA-HW-8320,0,1,1,0,0,0,0,0,0,0
TCGA-DU-6542,0,1,0,0,0,0,0,0,0,0
TCGA-E1-A7YN,0,0,0,0,0,0,0,0,0,0
TCGA-CS-5394,0,1,0,1,1,0,0,0,0,0
TCGA-FG-A4MX,0,1,1,0,0,0,0,0,0,0
TCGA-S9-A6WH,0,1,0,1,0,0,0,0,0,0
TCGA-WY-A85B,0,1,1,0,0,0,0,0,0,0
TCGA-S9-A7IZ,0,1,1,0,0,0,0,0,0,0
TCGA-S9-A7QZ,0,1,0,1,1,0,0,0,0,0
TCGA-DB-A75L,0,1,0,0,0,1,0,0,0,0
TCGA-E1-A7YO,0,1,0,1,1,0,0,0,0,0
TCGA-P5-A5EZ,0,1,0,0,0,0,0,0,0,0
TCGA-S9-A7R8,0,1,1,0,0,0,0,0,0,0
TCGA-E1-A7YY,0,1,0,1,0,0,0,0,0,0
TCGA-HT-7604,0,1,1,0,0,0,0,0,0,0
TCGA-E1-5304,0,1,1,0,0,0,0,0,0,0
TCGA-S9-A89Z,0,1,0,0,0,0,0,0,1,0
TCGA-E1-5307,0,1,1,0,0,0,0,0,0,0
TCGA-FG-A711,0,1,1,0,0,0,0,0,0,0
TCGA-TM-A84R,0,0,0,0,0,0,0,1,0,0
TCGA-HW-7490,0,1,1,0,0,0,0,0,0,0
TCGA-HT-8564,0,0,0,0,0,1,0,0,0,0
TCGA-HT-7875,0,1,0,1,0,1,0,0,0,0
TCGA-DH-5140,0,0,0,0,0,0,0,0,0,0
TCGA-WY-A85D,0,1,1,0,0,0,0,0,0,0
TCGA-TQ-A7RK,0,1,1,0,0,0,0,0,0,0
TCGA-FG-6688,0,0,0,0,0,0,0,0,0,0
TCGA-HT-7479,0,1,0,0,0,0,0,0,0,0
TCGA-DU-8167,0,1,1,0,0,0,0,0,0,0
TCGA-E1-A7YM,0,0,0,0,0,0,0,0,0,0
TCGA-QH-A6CW,0,1,0,0,0,1,0,0,0,0
TCGA-DU-8162,0,0,0,0,0,0,0,0,0,0
TCGA-P5-A5EV,0,1,1,0,0,0,0,0,0,0
TCGA-DU-A5TR,0,1,1,0,0,1,0,0,0,0
TCGA-TM-A7CF,0,1,0,0,0,0,0,0,0,0
TCGA-FG-A6IZ,0,1,0,1,0,0,0,0,0,0
TCGA-HT-7687,0,1,0,0,0,0,0,0,0,0
TCGA-TM-A84J,0,0,0,0,0,0,0,0,0,0
TCGA-HT-A61C,0,0,0,0,0,0,0,0,0,0
TCGA-DU-A76R,0,1,0,0,0,0,0,0,0,0
TCGA-HT-7481,0,1,0,0,1,1,0,0,0,0
TCGA-DB-A4XB,0,1,0,0,0,0,0,0,0,0
TCGA-FG-A87N,0,1,0,0,0,0,0,0,0,0
TCGA-S9-A7J0,0,1,1,0,0,0,0,0,0,0
TCGA-CS-5397,0,0,0,0,0,0,1,0,0,0
TCGA-WY-A85C,0,1,0,0,0,0,0,0,0,0
TCGA-CS-6188,0,0,0,0,0,0,0,0,0,0
TCGA-HT-7690,0,1,1,0,0,0,0,0,0,0
TCGA-TQ-A7RN,0,1,0,0,0,0,0,0,0,0
TCGA-FG-A6J1,0,1,0,1,0,0,0,0,0,0
TCGA-TM-A7C5,0,1,0,1,0,0,0,0,0,0
TCGA-DU-5854,0,0,0,0,0,0,0,0,0,1
TCGA-TM-A84T,0,1,1,0,0,0,0,0,0,0
TCGA-DH-A669,0,1,0,0,0,0,0,0,0,0
TCGA-FG-A4MW,0,0,0,0,0,0,0,0,0,0
TCGA-E1-5302,0,1,1,0,0,0,0,0,0,0
TCGA-HT-7603,0,1,1,0,0,0,0,0,0,0
TCGA-S9-A6WP,0,1,0,0,1,0,0,0,0,0
TCGA-HT-A4DV,0,1,0,1,0,0,0,0,0,0
TCGA-DB-5270,0,1,1,0,0,0,0,0,0,0
TCGA-E1-A7YW,0,1,1,0,0,0,0,0,0,0
TCGA-DU-7009,0,1,0,0,0,0,0,0,0,0
TCGA-HT-8108,0,1,1,0,0,0,0,0,0,0
TCGA-DU-7306,0,1,1,0,0,0,0,0,0,0
TCGA-DB-A64P,0,1,0,1,0,0,0,0,0,0
TCGA-HT-7688,0,1,1,0,0,0,0,0,0,0
TCGA-VM-A8CD,0,0,0,0,0,0,0,0,0,0
TCGA-DB-A64X,0,1,0,0,0,0,0,0,0,0
TCGA-HT-7877,0,1,0,1,0,0,0,0,0,0
TCGA-DH-A66F,0,1,0,0,0,0,0,0,0,0
TCGA-P5-A77W,0,1,0,1,0,0,0,0,0,0
TCGA-HT-A5R9,0,0,0,1,0,0,0,1,0,0
TCGA-E1-A7YS,0,1,0,0,0,0,0,0,0,0
TCGA-TM-A7C3,0,0,0,0,0,0,0,0,0,0
TCGA-DU-A6S7,0,1,1,0,0,0,0,0,0,0
TCGA-TQ-A7RJ,0,1,1,0,0,0,0,0,0,0
TCGA-RY-A843,0,1,0,0,0,0,0,0,0,0
TCGA-DU-6395,0,1,1,0,0,0,0,0,0,0
TCGA-FG-8191,0,1,1,0,0,0,0,0,0,0
TCGA-HT-7606,0,1,0,0,0,0,0,0,0,0
TCGA-HT-7857,0,0,0,0,0,0,0,0,0,0
TCGA-DU-7015,0,1,1,0,0,0,0,0,0,0
TCGA-HT-7609,0,1,0,0,0,0,0,0,0,0
TCGA-S9-A6WI,0,1,0,0,0,0,0,0,0,0
TCGA-S9-A6TZ,0,1,0,0,0,0,0,0,0,0
TCGA-FG-6691,0,1,1,0,0,0,0,0,0,0
TCGA-DU-6401,0,1,1,0,0,0,0,0,0,0
TCGA-DB-5278,0,1,0,1,0,0,0,0,0,0
TCGA-HT-8109,0,1,0,0,0,0,0,0,0,0
TCGA-FG-A4MT,0,1,1,0,0,0,0,0,0,0
TCGA-DU-7292,0,0,0,0,0,0,0,0,0,0
TCGA-CS-4943,0,1,1,0,0,0,0,0,0,0
TCGA-VV-A829,0,1,0,0,0,1,1,0,0,0
TCGA-FN-7833,0,1,1,0,0,0,0,0,0,0
TCGA-HT-7695,0,1,0,1,0,0,0,0,0,0
TCGA-DB-A4XC,0,1,1,0,0,0,0,0,0,0
TCGA-CS-5390,0,1,0,0,1,1,0,0,0,0
TCGA-HT-7855,0,1,1,0,0,0,0,0,0,0
TCGA-DU-A6S6,0,1,0,0,0,0,0,0,0,0
TCGA-FG-A713,0,1,1,1,0,0,0,0,0,0
TCGA-DH-A7US,0,1,0,1,0,0,0,0,0,0
TCGA-WH-A86K,0,1,0,0,0,0,0,0,0,0
TCGA-DU-6403,0,0,0,0,0,0,1,0,0,0
TCGA-DU-5870,0,1,0,1,0,0,0,0,0,0
TCGA-P5-A736,0,1,1,0,0,0,0,0,0,0
TCGA-P5-A72X,0,1,1,0,0,0,0,0,0,0
TCGA-HT-8011,0,0,0,0,0,0,0,0,0,0
TCGA-CS-6670,0,1,0,0,0,0,0,0,0,0
TCGA-HT-8114,0,1,1,0,0,0,0,0,0,0
TCGA-FG-6690,0,1,1,0,0,0,0,0,0,0
TCGA-DU-6408,0,1,1,0,0,0,0,0,0,0
TCGA-IK-7675,0,1,0,0,0,0,0,0,0,0
TCGA-TM-A84I,0,1,1,0,0,0,0,0,0,0
TCGA-DB-A64U,0,1,0,1,0,0,0,0,0,0
TCGA-DU-5847,0,0,0,0,0,0,0,0,0,0
TCGA-E1-A7YJ,0,0,0,0,0,0,0,0,0,0
TCGA-DB-A4XA,0,1,0,1,0,0,0,0,0,0
TCGA-DU-5852,0,0,1,0,0,0,0,0,0,0
TCGA-TM-A7CA,0,1,1,0,0,0,0,0,0,0
TCGA-DU-6407,0,1,1,0,0,0,0,0,0,0
TCGA-HW-A5KJ,0,1,0,0,0,1,0,0,0,0
TCGA-TM-A84H,0,1,0,0,0,0,0,0,0,0
TCGA-HT-7472,0,1,1,0,0,0,1,0,0,0
TCGA-DU-A7TD,0,0,0,0,0,0,0,0,0,0
TCGA-S9-A7QX,0,1,1,0,0,0,0,0,0,0
TCGA-E1-A7YI,0,1,1,0,0,0,0,0,0,0
TCGA-HT-7860,0,0,0,0,0,0,0,0,0,0
TCGA-P5-A780,0,1,0,0,0,0,0,0,0,0
TCGA-E1-A7YQ,0,0,0,0,0,0,0,0,0,0
TCGA-S9-A6U5,0,1,0,1,0,1,0,0,0,0
TCGA-HT-8107,0,0,0,0,0,0,0,0,0,0
TCGA-CS-4942,0,1,0,0,0,0,1,0,0,0
TCGA-S9-A6U9,0,1,1,0,0,0,0,0,0,0
TCGA-HT-7686,0,1,1,0,0,0,0,0,0,0
TCGA-P5-A5EW,0,1,1,0,0,0,0,0,0,0
TCGA-HT-7607,0,1,0,0,0,0,0,0,0,0
TCGA-DU-7309,0,0,1,0,0,0,0,1,0,0
TCGA-P5-A737,0,1,0,0,0,0,0,0,0,0
TCGA-S9-A6WM,0,0,0,0,0,0,0,0,0,0
TCGA-FG-7636,0,1,1,0,0,0,0,0,0,0
TCGA-E1-5322,0,1,1,0,0,0,0,0,0,0
TCGA-TQ-A7RF,0,1,0,0,0,0,0,0,0,0
TCGA-DU-7010,0,1,1,0,0,0,0,0,0,0
TCGA-QH-A6CS,0,0,0,0,0,0,0,0,0,0
TCGA-HT-7476,0,0,1,0,0,0,0,1,1,0
TCGA-HT-7884,0,1,1,0,0,0,0,0,0,0
TCGA-DU-A7TC,0,1,0,0,0,0,0,0,0,0
TCGA-CS-6666,0,1,1,0,0,0,0,0,0,0
TCGA-HT-7610,0,1,1,0,0,0,1,0,0,0
TCGA-FG-A60K,0,1,0,1,0,0,0,0,0,0
TCGA-S9-A6U8,0,1,1,0,0,0,0,0,0,0
TCGA-HT-8563,0,1,1,0,0,0,0,0,0,0
TCGA-TQ-A7RH,0,1,1,0,0,0,0,0,0,0
TCGA-S9-A6U1,0,1,1,0,0,0,0,0,0,0
TCGA-DU-7301,0,1,1,0,0,0,0,0,0,0
TCGA-FG-6689,0,1,1,0,0,0,0,0,0,0
TCGA-HT-8013,0,1,1,0,0,0,0,0,0,0
TCGA-HT-A616,0,1,1,0,0,0,0,0,0,0
TCGA-DU-7008,0,1,1,0,0,0,0,0,0,0
TCGA-E1-A7YD,0,0,0,0,0,0,0,0,0,0
TCGA-E1-A7YK,0,1,1,0,0,0,0,0,0,0
TCGA-TM-A84Q,0,1,1,0,0,0,0,0,0,0
TCGA-WY-A858,0,1,1,0,0,0,0,0,0,0
TCGA-F6-A8O4,0,1,1,0,0,0,0,0,0,0
TCGA-R8-A6MK,0,1,0,1,0,0,0,0,0,0
TCGA-VM-A8CF,0,1,1,0,0,0,0,0,0,0
TCGA-FG-5965,0,1,1,0,0,0,0,0,0,0
TCGA-HT-7854,0,0,0,0,0,0,0,0,0,0
TCGA-RY-A847,0,1,0,0,0,0,0,0,0,0
TCGA-DU-5849,0,0,0,0,0,0,0,1,0,0
TCGA-FG-7637,0,1,0,0,0,0,0,0,0,0
TCGA-QH-A65R,0,1,0,0,0,0,0,0,0,0
TCGA-S9-A7R3,0,1,0,0,0,0,0,0,0,0
TCGA-P5-A735,0,1,1,0,0,0,0,0,0,0
TCGA-HT-A618,0,0,1,0,0,0,0,0,0,0
TCGA-E1-A7Z2,0,0,0,0,0,0,0,0,0,0
TCGA-TQ-A7RM,0,1,0,0,0,0,0,0,0,0
TCGA-HT-7694,0,1,0,1,1,0,0,0,0,0
TCGA-VM-A8C8,0,1,1,0,0,0,0,0,0,0
TCGA-HT-7616,0,1,0,1,1,0,0,0,0,0
TCGA-CS-5395,0,0,0,0,0,0,0,0,0,0
TCGA-S9-A7J3,0,1,0,1,1,0,0,0,0,0
TCGA-E1-5303,0,1,1,0,0,0,0,0,0,0
TCGA-CS-4944,0,1,0,0,0,0,0,0,0,0
TCGA-HT-7882,0,0,0,0,0,0,0,0,0,1
TCGA-DH-A7UT,0,1,0,0,0,0,0,0,0,0
TCGA-DB-A64O,0,0,0,0,0,0,0,0,0,0
TCGA-VW-A7QS,0,1,0,0,0,1,0,0,0,0
TCGA-QH-A870,0,1,1,0,0,0,0,0,0,0
TCGA-DU-A5TS,0,1,1,0,0,0,0,0,0,0
TCGA-P5-A731,0,1,0,0,0,0,0,0,0,0
TCGA-KT-A74X,0,1,0,1,0,0,0,0,0,0
TCGA-FG-A4MU,0,0,0,0,0,0,0,0,0,0
TCGA-E1-5311,0,1,0,1,0,1,0,0,0,0
TCGA-HT-7902,0,1,1,0,0,0,0,0,0,0
TCGA-DU-7290,0,0,0,0,0,0,0,0,0,0
TCGA-DB-5274,0,1,0,0,1,0,0,0,0,0
TCGA-FG-A60L,0,1,0,0,0,0,0,0,0,0
TCGA-P5-A781,0,1,0,0,0,0,0,0,0,0
TCGA-DB-A4XD,0,1,1,0,0,0,0,0,0,0
TCGA-DU-6393,0,1,0,1,0,0,0,0,0,0
TCGA-S9-A6U0,0,0,0,0,0,0,0,0,0,0
TCGA-DU-7298,0,1,1,0,0,0,0,0,0,0
TCGA-DU-7299,0,1,0,0,0,0,0,0,0,0
TCGA-DU-A7TG,0,1,0,0,0,0,0,0,0,0
TCGA-FG-A6J3,0,1,0,0,0,0,0,0,0,0
TCGA-QH-A6X5,0,1,0,1,0,0,1,0,0,0
TCGA-CS-4938,0,1,1,0,0,0,0,0,0,0
TCGA-DU-5872,0,1,1,0,0,0,0,0,0,0
TCGA-DU-7007,0,1,0,0,0,0,0,0,0,0
TCGA-P5-A77X,0,1,0,1,1,0,0,0,0,0
TCGA-DU-7304,0,1,1,0,0,0,0,0,0,0
TCGA-DU-A6S3,0,1,0,1,1,1,0,0,0,0
TCGA-QH-A86X,0,1,0,1,1,0,0,0,0,0
TCGA-E1-5319,0,1,0,1,1,0,0,0,0,0
TCGA-HT-A5RC,0,0,0,0,0,0,0,0,0,0
TCGA-HT-8106,0,1,0,0,0,0,0,0,1,0
TCGA-S9-A6UA,0,0,1,0,0,0,0,0,0,0
TCGA-TM-A84S,0,1,0,0,0,0,0,0,0,0
TCGA-HT-7620,0,1,0,0,1,0,0,0,0,0
TCGA-DU-A7T6,0,1,0,1,0,0,0,0,0,0
TCGA-HT-7611,0,1,1,0,0,0,0,0,0,0
TCGA-DU-A6S8,0,1,0,1,0,0,0,0,0,0
TCGA-QH-A65V,0,1,0,1,0,0,0,0,0,0
TCGA-TM-A84B,0,0,0,0,0,0,0,0,0,0
TCGA-QH-A6CZ,0,1,0,1,1,0,0,0,0,0
TCGA-TM-A84G,0,1,0,0,1,1,0,0,0,0
TCGA-DU-8161,0,0,0,0,0,0,0,0,0,0
TCGA-HT-7477,0,1,1,0,0,0,0,0,0,0
TCGA-DU-6392,0,0,1,1,1,1,1,0,1,1
TCGA-CS-5393,0,1,0,0,0,0,0,0,0,0
TCGA-S9-A6WO,0,1,1,0,0,0,0,0,0,0
TCGA-S9-A7R4,0,1,0,0,0,0,0,0,0,0
TCGA-RY-A83X,0,1,0,1,0,0,0,0,0,0
TCGA-HT-7693,0,1,1,0,0,0,0,0,0,0
TCGA-HT-7467,0,1,0,1,0,0,0,0,0,0
TCGA-FG-8186,0,1,0,0,0,1,0,0,0,0
TCGA-HW-A5KK,0,0,0,0,0,0,0,0,0,0
TCGA-DB-A75O,0,1,0,0,0,0,0,0,0,0
TCGA-DB-A64W,0,1,0,1,0,0,1,0,0,0
TCGA-DB-A4XF,0,1,0,0,0,0,0,0,0,0
TCGA-FG-7638,0,1,1,1,0,1,0,0,0,0
TCGA-HT-A74K,0,1,0,0,0,0,0,0,0,0
TCGA-HT-8105,0,1,0,1,1,1,1,0,0,0
TCGA-S9-A6U6,0,1,1,0,0,0,0,0,0,0
TCGA-FG-A70Y,0,1,1,0,0,0,0,0,0,0
TCGA-F6-A8O3,0,1,0,0,0,0,0,0,0,0
TCGA-QH-A65Z,0,1,0,1,0,0,0,0,0,0
TCGA-DU-6397,0,1,0,1,1,0,0,0,0,0
TCGA-S9-A6TS,0,1,1,0,0,0,0,0,0,0
TCGA-DH-5142,0,1,1,0,0,0,0,0,0,0
TCGA-P5-A730,0,0,0,0,0,0,0,1,0,0
TCGA-TM-A84C,0,0,0,0,0,0,0,0,0,0
TCGA-TM-A84M,0,1,0,1,1,0,0,0,0,0
TCGA-TM-A84O,0,1,0,1,0,0,0,0,0,0
TCGA-S9-A7IX,0,0,0,0,0,0,0,0,0,0
TCGA-DU-A76L,0,0,0,0,0,0,0,0,0,0
TCGA-QH-A6X8,0,1,0,1,0,0,0,0,0,0
TCGA-HW-8319,0,1,1,0,0,0,0,0,0,0
TCGA-DB-A4XE,0,1,1,0,0,0,0,0,0,0
TCGA-HT-7677,0,1,0,1,1,0,0,0,0,0
TCGA-DH-A7UU,0,1,0,0,0,0,0,0,0,0
TCGA-E1-A7Z6,0,1,1,0,0,0,0,0,0,0
TCGA-P5-A5F0,0,1,0,1,0,1,0,0,0,0
TCGA-DU-7019,0,1,0,0,0,0,0,0,0,0
TCGA-HT-7879,0,1,1,0,0,0,0,0,0,0
TCGA-DB-A64L,0,1,0,1,1,1,0,0,0,0
TCGA-HT-7469,0,0,1,0,0,0,0,0,0,1
TCGA-TM-A84F,0,1,0,0,0,0,0,0,0,0
TCGA-S9-A6TY,0,0,0,0,0,0,0,1,0,0
TCGA-RY-A83Y,0,1,0,1,1,0,0,0,0,0
TCGA-E1-A7YH,0,1,1,0,0,0,0,0,0,0
TCGA-DH-5141,0,0,0,1,0,0,0,1,0,0
TCGA-HT-A615,0,1,0,0,1,0,0,0,1,0
TCGA-HT-7676,0,1,1,0,0,0,0,0,0,0
TCGA-HT-7873,0,1,0,0,0,0,0,0,0,0
TCGA-HT-7473,0,1,1,0,0,0,0,0,0,0
TCGA-DU-6400,0,1,0,1,0,1,0,0,0,0
TCGA-HW-8322,0,1,0,0,0,1,0,0,0,0
TCGA-HT-7480,0,1,0,1,0,0,0,0,0,0
TCGA-DU-7006,0,0,0,0,0,0,0,0,0,0
TCGA-P5-A72W,0,1,1,0,0,0,0,0,0,0
TCGA-S9-A7R1,0,1,0,0,0,0,0,0,0,0
TCGA-HT-7684,0,1,0,0,0,0,0,0,0,0
TCGA-E1-A7YV,0,1,1,0,0,0,0,0,0,0
TCGA-P5-A5F1,0,1,1,0,0,0,0,0,0,0
TCGA-S9-A6WN,0,1,0,0,0,0,0,0,0,0
TCGA-DU-A7T8,0,1,1,0,0,0,0,0,0,0
TCGA-HW-7487,0,1,0,1,1,0,0,0,0,0
TCGA-DU-A7TJ,0,0,0,0,0,0,0,0,0,0
TCGA-DU-5855,0,1,1,0,0,0,0,0,0,0
TCGA-S9-A6TV,0,1,1,0,0,0,0,0,0,0
TCGA-DH-A66B,0,1,1,0,0,1,0,0,0,0
TCGA-HT-8104,0,0,0,0,0,0,0,0,0,0
TCGA-FG-A87Q,0,0,0,0,0,0,0,0,0,0
TCGA-P5-A733,0,1,1,0,0,0,0,0,0,0
TCGA-E1-A7Z4,0,1,1,0,0,0,0,0,0,0
TCGA-EZ-7264,0,1,0,1,1,0,0,0,0,0
TCGA-S9-A7QY,0,0,0,0,0,0,0,1,0,0
TCGA-DU-6396,0,1,1,0,0,0,0,0,0,0
TCGA-FG-7641,0,1,0,1,0,0,0,0,0,0
TCGA-HT-7471,0,1,0,1,1,0,0,0,0,0
TCGA-HT-7470,0,1,1,0,0,1,0,0,0,0
TCGA-QH-A6CU,0,1,0,0,0,0,0,0,0,0
TCGA-HT-7485,0,1,1,0,0,0,0,0,0,0
TCGA-TQ-A7RW,0,1,0,0,0,0,0,0,0,0
TCGA-HT-7608,0,1,0,1,1,0,0,0,0,0
TCGA-R8-A73M,0,1,0,1,0,0,0,0,0,0
TCGA-HT-A74O,0,1,1,0,0,0,0,0,0,0
TCGA-HT-7468,0,1,0,1,0,0,0,0,0,0
TCGA-HT-7880,0,1,1,0,0,0,0,0,0,0
TCGA-HT-7858,0,1,1,0,0,0,0,0,0,0
TCGA-HT-A614,0,1,1,0,0,0,0,0,0,0
TCGA-HW-7491,0,0,0,1,0,0,0,1,0,0
TCGA-FG-5963,0,0,1,0,0,0,0,0,0,0
TCGA-DH-A7UV,0,1,1,0,0,0,1,0,0,0
TCGA-TQ-A7RG,0,1,0,1,0,0,0,0,0,0
TCGA-HT-A61B,0,1,0,0,0,0,0,0,0,0
TCGA-E1-A7YU,0,1,0,0,0,0,0,0,0,0
TCGA-QH-A65X,0,0,0,1,0,0,0,1,0,0
TCGA-VM-A8CE,0,1,0,1,0,0,0,0,0,0
TCGA-TQ-A7RP,0,0,0,0,0,0,0,0,0,0
TCGA-E1-A7YL,0,0,0,0,0,0,0,0,0,0
TCGA-DU-8158,0,0,0,0,0,0,0,0,0,0
TCGA-HT-7692,0,1,0,0,0,0,0,0,0,0
TCGA-FG-7643,0,0,0,0,0,0,0,0,0,0
TCGA-DB-5273,0,1,1,0,0,0,0,0,0,0
TCGA-TQ-A7RV,0,1,1,0,0,0,0,0,0,0
TCGA-DU-A5TU,0,1,1,0,0,0,0,0,0,0
TCGA-DB-A75K,0,1,0,1,1,1,0,0,0,0
TCGA-TQ-A7RI,0,1,0,1,0,0,0,0,0,0
TCGA-FG-8185,0,1,1,0,0,0,0,0,0,0
TCGA-HT-8111,0,1,0,0,0,0,0,0,0,0
TCGA-TQ-A7RR,0,1,1,0,0,0,0,0,0,0
TCGA-TQ-A8XE,0,1,0,0,0,0,0,0,0,0
TCGA-HT-A617,0,0,0,0,0,0,0,0,0,0
TCGA-DB-A64V,0,1,0,1,1,0,0,0,0,0
TCGA-DU-8166,0,1,1,0,0,0,0,0,0,0
TCGA-TM-A7C4,0,1,1,0,0,0,0,0,0,0
TCGA-FG-7634,0,1,0,1,0,0,0,0,0,0
TCGA-QH-A6XA,0,1,1,0,0,0,0,0,0,0
TCGA-HT-7602,0,1,0,0,0,0,0,0,0,0
TCGA-S9-A6TU,0,1,0,0,0,0,0,0,0,0
TCGA-DH-A66G,0,1,1,0,0,0,0,0,0,0
TCGA-TQ-A7RQ,0,1,0,1,0,0,1,0,0,0
TCGA-HT-A74L,0,1,0,0,0,0,0,0,0,0
TCGA-HT-7475,0,1,1,0,0,0,0,0,0,0
TCGA-QH-A6X9,0,1,1,0,0,0,0,0,0,0
TCGA-IK-8125,0,1,0,1,0,1,0,0,0,0
TCGA-S9-A6WQ,0,1,1,0,0,0,0,0,0,0
TCGA-DH-5143,0,1,0,0,0,0,0,0,0,0
TCGA-DB-A64S,0,1,1,0,0,0,0,0,0,0
TCGA-P5-A5EX,0,1,0,0,0,0,0,0,0,0
TCGA-DU-7294,0,1,0,1,0,0,0,0,0,0
TCGA-E1-5305,0,1,1,0,0,0,0,0,0,0
TCGA-CS-6665,0,1,0,0,0,0,0,0,0,0
TCGA-HT-7601,0,1,0,0,0,0,0,0,0,0
TCGA-HT-8110,0,0,0,0,0,0,0,0,0,0
TCGA-TM-A84L,0,1,1,0,0,0,0,0,0,0
TCGA-14-1450,1,0,0,0,0,0,0,0,0,0
TCGA-12-0819,1,0,0,0,0,0,0,0,0,0
TCGA-32-1991,1,0,0,0,0,0,0,0,0,0
TCGA-76-6660,1,0,0,0,0,0,0,0,0,0
TCGA-76-6285,1,0,0,0,0,0,0,0,0,0
TCGA-81-5911,1,0,0,0,0,0,0,0,0,0
TCGA-28-5220,1,0,0,0,0,0,0,0,0,0
TCGA-06-0876,1,0,0,0,0,0,1,0,0,0
TCGA-14-0787,1,0,0,0,0,0,0,0,0,0
TCGA-06-0939,1,0,0,0,0,0,0,0,0,0
TCGA-06-0152,1,0,0,0,0,0,0,0,0,0
TCGA-32-1982,1,0,0,0,0,0,0,0,0,0
TCGA-32-2634,1,0,0,0,0,0,0,0,0,0
TCGA-76-4927,1,0,0,0,0,0,0,0,0,0
TCGA-19-5950,1,0,0,0,0,0,0,0,0,0
TCGA-06-1804,1,0,0,0,0,0,0,0,0,0
TCGA-19-2631,1,0,0,0,0,0,0,0,0,1
TCGA-12-3649,1,0,0,0,0,0,0,0,0,0
TCGA-14-1829,1,0,0,0,0,0,0,0,0,0
TCGA-27-1833,1,0,0,0,0,0,0,0,1,0
TCGA-76-6282,1,0,0,0,0,0,0,0,0,0
TCGA-06-6388,1,0,1,0,0,0,0,0,0,0
TCGA-32-1979,1,0,0,0,0,0,0,0,0,0
TCGA-32-5222,1,0,0,0,0,0,0,0,0,0
TCGA-02-0033,1,0,0,0,0,0,0,0,0,0
TCGA-12-0818,1,1,1,0,0,0,1,0,0,0
TCGA-27-1837,1,0,0,0,0,0,0,0,0,0
TCGA-12-0618,1,0,0,0,0,0,0,0,0,0
TCGA-28-2513,1,0,0,0,0,0,0,0,0,0
TCGA-06-5408,1,0,0,0,0,0,0,0,0,0
TCGA-76-6662,1,0,0,0,0,0,0,0,0,0
TCGA-12-3648,1,0,0,0,0,0,0,0,0,0
TCGA-81-5910,1,0,0,0,0,0,0,0,0,0
TCGA-15-0742,1,0,0,0,0,0,0,0,0,0
TCGA-06-5415,1,0,0,0,0,0,0,0,0,0
TCGA-12-1088,1,0,0,0,0,0,0,0,0,0
TCGA-19-A60I,1,0,0,0,0,0,0,0,0,0
TCGA-12-1092,1,0,0,0,0,0,0,0,0,0
TCGA-19-1790,1,0,0,0,0,0,0,0,0,0
TCGA-14-0812,1,0,0,0,0,0,0,0,0,0
TCGA-16-1460,1,1,1,0,0,0,0,0,0,0
TCGA-28-5204,1,0,0,0,0,0,0,0,0,0
TCGA-41-3915,1,0,0,0,0,0,0,0,0,0
TCGA-14-1451,1,0,0,0,0,0,0,0,0,0
TCGA-06-1084,1,0,0,0,0,0,0,0,0,0
TCGA-06-0125,1,0,0,0,0,0,0,0,0,0
TCGA-76-6656,1,0,0,0,0,0,0,0,0,0
TCGA-14-2554,1,0,0,0,0,0,0,0,0,0
TCGA-06-A7TK,1,0,0,1,0,0,0,0,0,0
TCGA-41-2571,1,0,0,0,0,0,0,0,0,0
TCGA-76-6661,1,0,0,0,0,0,0,0,0,0
TCGA-28-6450,1,0,0,0,0,0,0,0,0,0
TCGA-28-2509,1,0,0,0,0,0,0,0,0,0
TCGA-14-0862,1,0,0,0,0,0,0,0,0,0
TCGA-32-2632,1,0,0,0,0,0,0,0,0,0
TCGA-19-2624,1,0,0,0,0,0,0,0,0,0
TCGA-06-0686,1,0,0,0,0,0,0,0,0,0
TCGA-06-0750,1,0,0,0,0,0,0,0,0,0
TCGA-14-3476,1,0,0,0,0,0,0,0,0,0
TCGA-06-0209,1,0,0,0,0,0,0,0,0,0
TCGA-06-0132,1,0,0,0,0,0,0,0,0,0
TCGA-12-0656,1,0,0,0,0,0,0,0,0,0
TCGA-26-1799,1,0,0,0,0,0,0,0,1,0
TCGA-14-0871,1,0,0,0,0,0,0,0,0,0
TCGA-12-0657,1,0,0,0,0,0,0,0,0,0
TCGA-19-1786,1,0,0,0,0,0,0,0,0,0
TCGA-06-6390,1,0,0,0,0,0,0,0,0,0
TCGA-28-5219,1,0,0,0,0,0,0,0,0,0
TCGA-14-1455,1,0,0,0,0,0,0,0,0,1
TCGA-41-2575,1,0,0,0,0,0,0,0,0,0
TCGA-28-5216,1,0,0,0,0,0,0,0,0,0
TCGA-26-A7UX,1,0,0,0,0,0,0,0,0,0
TCGA-06-A5U0,1,0,1,0,0,0,0,0,0,0
TCGA-32-1980,1,0,0,0,0,0,0,0,1,0
TCGA-19-4068,1,0,0,0,0,0,0,0,0,0
TCGA-06-0744,1,0,0,0,0,0,0,0,0,0
TCGA-76-4935,1,0,0,0,0,0,0,0,0,0
TCGA-26-5133,1,0,0,0,0,0,0,0,0,0
TCGA-41-5651,1,0,0,0,0,0,0,0,0,0
TCGA-19-1787,1,0,1,0,0,0,0,1,0,0
TCGA-28-1745,1,0,0,0,0,0,0,0,0,0
TCGA-28-5213,1,0,0,0,0,0,0,0,0,0
TCGA-32-2638,1,0,0,0,0,0,0,0,0,0
TCGA-19-1791,1,0,0,0,0,0,0,0,0,0
TCGA-06-6693,1,0,0,0,0,0,0,0,0,0
TCGA-06-1087,1,0,0,0,0,0,0,0,0,0
TCGA-76-4928,1,0,0,0,0,0,0,0,0,0
TCGA-32-4210,1,0,0,0,0,0,0,0,0,0
TCGA-06-5412,1,0,0,0,0,0,0,0,0,0
TCGA-06-5417,1,1,1,0,0,0,0,0,0,0
TCGA-28-1752,1,0,0,0,0,0,0,0,0,0
TCGA-06-0747,1,0,0,0,0,0,0,0,0,0
TCGA-06-0169,1,0,0,0,0,0,0,0,0,0
TCGA-26-1442,1,1,0,0,0,0,0,0,0,0
TCGA-28-2499,1,0,0,0,0,0,0,0,0,0
TCGA-27-2518,1,0,0,0,0,0,0,0,0,0
TCGA-06-0216,1,0,0,0,0,0,0,0,0,0
TCGA-28-1750,1,0,0,0,0,0,0,0,0,0
TCGA-06-0137,1,0,0,0,0,0,0,0,0,0
TCGA-06-0184,1,0,0,0,0,0,0,0,0,0
TCGA-19-2620,1,0,0,0,0,0,0,0,0,0
TCGA-41-2573,1,0,0,0,0,0,0,0,0,0
TCGA-27-2524,1,0,0,0,0,0,0,0,0,0
TCGA-06-0190,1,0,0,0,0,0,0,0,0,0
TCGA-12-0773,1,0,1,0,0,0,0,0,0,0
TCGA-06-2563,1,0,0,0,0,0,0,0,0,0
TCGA-06-0185,1,0,0,0,0,0,0,0,0,0
TCGA-06-0140,1,0,0,0,0,0,1,0,0,0
TCGA-27-2528,1,0,0,0,0,0,0,0,0,0
TCGA-41-4097,1,0,0,0,0,0,0,0,0,0
TCGA-14-1823,1,0,0,0,0,0,0,0,0,0
TCGA-12-0619,1,0,0,0,0,0,0,0,0,0
TCGA-06-0219,1,0,0,0,0,0,0,0,0,0
TCGA-14-1456,1,1,1,0,0,0,0,0,0,0
TCGA-06-0192,1,0,0,0,0,0,0,0,0,0
TCGA-02-2486,1,0,0,0,0,0,0,0,0,0
TCGA-16-0861,1,0,0,0,0,0,0,0,0,0
TCGA-06-0875,1,0,0,0,0,0,0,0,0,0
TCGA-06-0879,1,0,0,0,0,0,0,0,0,0
TCGA-14-1396,1,0,1,0,0,0,0,0,0,0
TCGA-06-0195,1,0,0,0,0,0,1,0,0,0
TCGA-28-5218,1,0,0,0,0,0,0,0,0,0
TCGA-06-5416,1,0,1,1,1,0,1,1,1,1
TCGA-19-2623,1,0,0,0,0,0,0,0,0,0
TCGA-02-0003,1,0,0,0,0,0,0,0,0,0
TCGA-06-0189,1,0,0,0,0,0,0,0,0,0
TCGA-76-6286,1,0,0,0,0,0,0,0,0,0
TCGA-12-1597,1,0,0,0,0,0,0,0,0,0
TCGA-14-1453,1,0,1,0,0,0,0,0,0,0
TCGA-19-5960,1,0,0,0,0,0,0,0,0,0
TCGA-76-4929,1,0,0,0,0,0,0,0,0,1
TCGA-76-4925,1,0,0,0,0,0,0,0,0,0
TCGA-12-1600,1,0,0,0,0,0,0,0,0,0
TCGA-19-1789,1,0,0,0,0,0,0,0,0,0
TCGA-12-5301,1,0,0,0,0,0,0,0,0,0
TCGA-12-1598,1,0,0,0,0,0,1,0,0,0
TCGA-02-2470,1,0,0,0,0,0,0,0,0,0
TCGA-19-1385,1,0,0,0,0,0,0,0,0,0
TCGA-06-5858,1,0,1,0,0,0,0,0,0,0
TCGA-06-1806,1,0,0,0,0,0,0,0,0,0
TCGA-12-0688,1,0,0,0,0,0,0,0,0,0
TCGA-12-3652,1,0,0,0,0,0,0,0,0,0
TCGA-14-0813,1,0,0,0,0,0,0,0,0,0
TCGA-32-1970,1,0,0,0,0,0,0,0,0,0
TCGA-06-2570,1,1,1,0,0,0,0,0,0,0
TCGA-27-2527,1,0,0,0,0,0,0,0,0,0
TCGA-14-0740,1,0,0,0,0,0,0,0,0,1
TCGA-02-0055,1,0,0,0,0,0,0,0,1,0
TCGA-06-5418,1,0,0,0,0,0,0,0,0,0
TCGA-06-6701,1,1,1,0,0,0,0,0,0,0
TCGA-19-1390,1,0,0,0,0,0,1,0,0,1
TCGA-06-1800,1,0,0,0,0,0,0,0,0,0
TCGA-32-4213,1,0,0,0,0,0,0,0,0,0
TCGA-06-6694,1,0,0,0,0,0,0,0,0,0
TCGA-06-0122,1,0,0,0,0,0,0,0,0,0
TCGA-12-3651,1,0,0,0,0,0,0,0,1,0
TCGA-19-0957,1,0,0,0,1,0,0,0,0,0
TCGA-14-0817,1,0,0,0,0,0,0,0,0,0
TCGA-19-5958,1,0,0,0,0,0,0,0,0,0
TCGA-19-2625,1,0,0,0,0,0,0,0,0,0
TCGA-14-1825,1,0,0,0,0,0,0,0,0,0
TCGA-27-2521,1,1,1,1,0,0,0,0,0,0
TCGA-OX-A56R,1,0,0,0,0,0,0,0,0,0
TCGA-16-0849,1,1,1,0,0,0,0,0,0,0
TCGA-76-6657,1,0,0,0,0,0,0,0,0,0
TCGA-06-0158,1,0,0,0,0,0,0,0,0,0
TCGA-76-6280,1,0,0,0,0,0,0,0,0,0
TCGA-28-1747,1,0,0,0,0,0,0,0,0,0
TCGA-06-2559,1,0,0,0,0,0,1,0,0,1
TCGA-06-0878,1,0,0,0,0,0,0,0,0,0
TCGA-06-0166,1,0,0,0,0,0,1,0,0,0
TCGA-28-5208,1,0,0,0,0,0,0,0,0,0
TCGA-28-1749,1,0,0,0,0,0,0,0,0,0
TCGA-19-1387,1,0,0,0,0,0,0,0,0,0
TCGA-12-0615,1,0,0,0,0,0,0,0,0,0
TCGA-27-1830,1,0,0,0,0,0,0,0,0,0
TCGA-06-2561,1,0,0,0,0,0,0,0,0,0
TCGA-14-0786,1,0,0,0,0,0,0,0,0,0
TCGA-06-A5U1,1,0,0,0,0,0,0,0,0,1
TCGA-19-5951,1,0,0,0,0,0,0,0,1,0
TCGA-76-6191,1,0,0,0,0,0,0,0,0,0
TCGA-19-4065,1,0,0,0,0,0,0,0,0,0
TCGA-RR-A6KA,1,0,0,0,0,0,0,0,0,0
TCGA-06-0221,1,1,1,0,0,0,0,0,0,0
TCGA-28-2502,1,0,0,0,0,0,0,0,0,0
TCGA-06-5859,1,0,0,0,0,0,0,0,0,0
TCGA-06-6389,1,1,0,0,0,0,0,0,0,0
TCGA-32-2495,1,0,0,0,0,0,0,0,0,0
TCGA-06-0743,1,0,0,0,0,0,0,0,0,0
TCGA-12-0821,1,0,0,0,0,0,0,0,0,0
TCGA-28-1755,1,0,0,0,0,0,0,0,0,0
TCGA-32-4211,1,0,0,0,0,0,0,0,0,0
TCGA-06-2562,1,0,0,0,0,0,0,0,0,0
TCGA-32-4209,1,0,0,0,0,0,0,0,0,0
TCGA-41-3393,1,0,0,0,0,0,0,0,0,0
TCGA-76-4932,1,0,0,0,0,0,0,0,0,0
TCGA-12-0826,1,0,0,0,0,0,0,0,0,0
TCGA-27-2519,1,0,0,0,0,0,0,0,0,0
TCGA-RR-A6KB,1,0,0,0,0,0,0,0,0,0
TCGA-27-1831,1,0,0,0,0,0,0,0,0,1
TCGA-06-0644,1,0,0,0,0,0,0,0,0,0
TCGA-06-2569,1,0,0,0,0,0,0,0,0,0
TCGA-32-1977,1,0,0,0,0,0,0,0,0,0
TCGA-06-0187,1,0,0,0,0,0,0,0,0,0
TCGA-26-5136,1,0,0,0,0,0,0,0,0,0
TCGA-06-0882,1,0,0,0,0,0,0,0,0,0
TCGA-16-0850,1,1,0,0,0,0,0,0,1,0
TCGA-32-1976,1,0,0,0,0,0,0,0,0,0
TCGA-06-0877,1,0,0,0,0,0,0,0,0,0
TCGA-4W-AA9R,1,0,0,0,0,0,0,0,0,0
TCGA-06-2564,1,0,0,0,0,0,0,0,0,0
TCGA-19-1788,1,1,1,0,0,0,0,0,0,0
TCGA-12-0707,1,0,0,0,0,0,0,0,0,0
TCGA-06-0214,1,0,0,0,0,0,0,0,0,1
TCGA-14-0781,1,0,0,0,0,0,0,0,0,0
TCGA-4W-AA9T,1,0,1,0,0,0,0,0,0,0
TCGA-06-5856,1,0,0,0,0,0,0,0,0,0
TCGA-41-6646,1,0,0,0,0,0,0,0,0,0
TCGA-06-0145,1,0,0,0,0,0,0,0,0,0
TCGA-26-1439,1,0,0,0,0,0,0,0,0,0
TCGA-12-1093,1,0,0,0,0,0,0,0,0,0
TCGA-14-0736,1,0,0,0,0,0,0,0,0,0
TCGA-06-0745,1,0,0,0,0,0,0,0,0,0
TCGA-14-0789,1,0,0,0,0,0,0,0,0,0
TCGA-26-6173,1,0,0,0,0,0,0,0,0,0
TCGA-27-1838,1,0,0,0,0,0,0,0,0,0
TCGA-76-6663,1,0,0,0,0,0,0,0,0,0
TCGA-32-2494,1,0,0,0,0,0,0,0,0,0
TCGA-06-2567,1,0,0,0,0,0,0,0,0,0
TCGA-41-2572,1,0,0,0,0,0,0,0,0,0
TCGA-12-0775,1,0,0,0,0,0,0,0,1,0
TCGA-41-3392,1,0,0,0,0,0,0,0,0,0
TCGA-14-3477,1,0,0,0,0,0,0,0,0,0
TCGA-06-A6S1,1,0,0,0,0,0,0,0,0,0
TCGA-12-0692,1,0,0,0,0,0,0,0,0,0
TCGA-14-1795,1,0,0,0,0,0,0,0,0,0
TCGA-19-1386,1,0,0,0,0,0,0,0,0,0
TCGA-19-A6J5,1,1,1,0,0,0,0,0,0,0
TCGA-06-6699,1,0,0,0,0,0,0,0,0,0
TCGA-16-0848,1,0,0,0,0,0,0,0,0,0
TCGA-12-0820,1,0,0,0,0,0,0,0,0,0
TCGA-14-4157,1,1,1,0,0,0,0,0,0,0
TCGA-06-0130,1,0,0,0,0,0,0,0,0,0
TCGA-02-2485,1,0,0,0,0,0,0,0,0,0
TCGA-12-5299,1,0,0,0,0,0,0,0,0,0
TCGA-12-3646,1,0,0,0,0,0,0,0,0,0
TCGA-06-2558,1,0,0,0,0,0,1,0,0,0
TCGA-06-2565,1,0,0,0,0,0,0,0,0,0
TCGA-06-6391,1,0,1,0,0,0,0,0,0,0
TCGA-06-0238,1,0,0,0,0,0,0,0,0,0
TCGA-76-4926,1,0,0,0,0,0,0,0,0,0
TCGA-06-A7TL,1,1,1,0,0,0,0,0,0,0
TCGA-14-0790,1,0,0,0,0,0,0,0,0,0
TCGA-12-0616,1,0,0,0,0,0,0,0,0,0
TCGA-02-0047,1,0,0,0,0,0,0,0,0,0
TCGA-19-5955,1,0,0,0,0,0,0,0,0,0
TCGA-14-1827,1,0,0,0,0,0,0,0,0,0
TCGA-06-0157,1,0,0,0,0,0,0,0,0,0
TCGA-06-0168,1,0,0,0,0,0,0,0,0,0
TCGA-26-5135,1,0,0,0,0,0,0,0,0,1
TCGA-06-6698,1,0,0,0,0,0,0,0,0,0
TCGA-26-5134,1,0,0,0,0,0,0,0,0,1
TCGA-12-5295,1,0,0,0,0,0,0,0,0,0
TCGA-06-0154,1,0,0,0,0,0,0,0,0,0
TCGA-12-0691,1,0,0,0,0,0,0,0,0,0
TCGA-12-1602,1,0,0,0,0,0,0,0,0,0
TCGA-12-0670,1,0,0,0,0,0,0,0,0,0
TCGA-28-1757,1,0,0,0,0,0,0,0,0,0
TCGA-12-0829,1,0,0,0,0,0,0,0,0,0
TCGA-06-0749,1,0,1,0,0,0,0,0,0,0
TCGA-06-5413,1,0,0,0,0,0,0,0,0,0
TCGA-06-0646,1,0,0,0,0,0,0,0,0,0
TCGA-26-6174,1,0,0,0,0,0,0,0,0,0
TCGA-12-0662,1,0,0,0,0,0,0,0,0,0
TCGA-28-2514,1,0,0,0,0,0,0,0,0,0
TCGA-06-0650,1,0,0,0,0,0,0,0,0,0
TCGA-76-4931,1,0,0,0,0,0,0,0,0,0
TCGA-06-0649,1,0,0,0,0,0,0,0,0,0
TCGA-06-0241,1,0,1,0,0,0,0,0,0,0
TCGA-19-5956,1,0,1,1,0,0,0,0,1,1
TCGA-06-0173,1,0,0,0,0,0,0,0,0,0
TCGA-02-2466,1,0,0,0,0,0,0,0,0,0
TCGA-06-6697,1,0,0,0,0,0,0,0,0,0
TCGA-06-0129,1,1,1,0,0,0,0,0,0,0
TCGA-06-6695,1,0,0,0,0,0,0,0,0,0
TCGA-15-1446,1,0,0,0,0,0,0,0,1,0
TCGA-27-2526,1,0,0,0,0,0,0,0,0,0
TCGA-76-6192,1,0,0,0,0,0,0,0,0,0
TCGA-27-2523,1,0,0,0,0,0,0,0,0,0
TCGA-06-0119,1,0,0,0,0,0,0,0,0,0
TCGA-27-1835,1,0,0,0,0,0,0,0,0,0
TCGA-4W-AA9S,1,0,0,0,0,0,0,0,0,0
TCGA-19-2629,1,1,1,0,0,0,0,0,0,0
TCGA-RR-A6KC,1,0,0,0,0,0,0,0,0,0
TCGA-06-0237,1,0,0,0,0,0,0,0,0,0
TCGA-06-0211,1,0,0,0,0,0,0,0,0,0
TCGA-76-6283,1,0,0,0,0,0,0,0,0,0
TCGA-06-0188,1,0,0,0,0,0,0,0,0,0
TCGA-32-4208,1,1,1,0,0,0,0,0,0,0
TCGA-06-5414,1,0,0,0,0,0,0,0,0,0
TCGA-12-3644,1,0,0,0,0,0,0,0,0,0
TCGA-87-5896,1,0,0,0,0,0,1,0,0,0
TCGA-06-5410,1,0,0,0,0,0,0,0,0,0
TCGA-14-1821,1,1,1,0,0,0,0,0,0,1
TCGA-06-0126,1,0,0,0,0,0,0,0,0,0
TCGA-12-0827,1,1,0,0,0,0,0,0,0,0
TCGA-06-0210,1,0,0,0,0,0,0,0,0,0
TCGA-06-0213,1,0,1,0,0,0,0,0,0,0
TCGA-14-1037,1,0,0,0,0,0,0,0,0,0
TCGA-06-0645,1,0,0,0,0,0,0,0,0,0
TCGA-06-0171,1,0,0,0,0,0,0,0,0,0
TCGA-19-5954,1,0,0,0,0,0,0,0,0,0
TCGA-27-1836,1,0,0,0,0,0,0,0,0,0
TCGA-19-2621,1,0,1,0,0,0,0,0,0,0
TCGA-02-2483,1,1,1,0,0,0,0,0,0,0
TCGA-32-1986,1,0,0,0,0,0,0,0,0,0
TCGA-12-1599,1,0,0,0,0,0,0,0,0,0
TCGA-06-A6S0,1,0,0,0,0,0,0,0,0,0
TCGA-14-0865,1,0,0,0,0,0,0,0,0,1
TCGA-16-1045,1,0,0,0,0,0,0,0,0,0
TCGA-28-5209,1,0,0,0,0,0,0,0,0,0
TCGA-19-A6J4,1,0,0,0,0,0,0,0,0,0
TCGA-19-5947,1,0,0,0,0,0,0,0,0,0
TCGA-06-0155,1,0,0,0,0,0,0,0,0,0
TCGA-76-6664,1,0,0,0,0,0,0,0,0,0
TCGA-06-0124,1,0,0,0,0,0,0,0,0,0
TCGA-06-0151,1,0,0,0,0,0,0,0,0,0
TCGA-26-5139,1,0,0,0,0,0,0,0,1,0
TCGA-76-4934,1,0,0,0,0,0,0,0,0,0
TCGA-06-0141,1,0,0,0,0,0,0,0,0,0
TCGA-06-0881,1,0,0,0,0,0,0,0,0,0
TCGA-12-3653,1,0,0,0,0,0,0,0,0,0
TCGA-28-1751,1,0,0,0,0,0,0,0,0,0
TCGA-06-0648,1,0,0,0,0,0,0,0,0,0
TCGA-06-0174,1,0,0,0,0,0,0,0,0,1
TCGA-19-1389,1,0,0,0,0,0,0,0,0,0
TCGA-28-1753,1,0,0,0,0,0,0,0,0,0
TCGA-12-3650,1,0,0,0,0,0,0,0,0,0
TCGA-14-1395,1,0,0,0,0,0,0,0,0,0
TCGA-32-2616,1,0,1,0,0,0,1,0,0,0
TCGA-06-5411,1,0,0,0,0,0,0,0,0,0
TCGA-28-5215,1,0,0,0,0,0,0,0,0,0
TCGA-19-5953,1,0,0,0,0,0,0,0,0,0
TCGA-14-1043,1,0,0,0,0,0,0,0,0,0
TCGA-06-0128,1,1,0,0,0,0,0,0,0,0
TCGA-12-1089,1,0,0,0,0,0,0,0,0,0
TCGA-27-1834,1,0,0,0,0,0,0,0,0,0
TCGA-19-5959,1,0,0,0,0,0,0,0,0,0
TCGA-16-0846,1,0,0,0,0,0,0,0,0,0
TCGA-28-1746,1,0,0,0,0,0,0,0,0,0
TCGA-32-2491,1,0,0,0,0,0,0,0,0,0
TCGA-06-2557,1,0,0,0,0,0,0,0,0,0
